year,gender,segment,rank_segment,skater,nation,tss,tes,pcs,ded
2006,M,SP,1,PLUSHENKO Evgeni,RUS,90.66,49.69,40.97,0
2006,M,SP,2,WEIR Johnny,USA,80,40.99,39.01,0
2006,M,SP,3,LAMBIEL Stephane,SUI,79.04,40.61,38.43,0
2006,M,SP,4,JOUBERT Brian,FRA,77.77,40.59,37.18,0
2006,M,SP,5,TAKAHASHI Daisuke,JPN,73.77,38.45,35.32,0
2006,M,SP,6,BUTTLE Jeffrey,CAN,73.29,37.01,37.28,1
2006,M,SP,7,SANDHU Emanuel,CAN,69.75,33,37.75,1
2006,M,SP,8,SAVOIE Matthew,USA,69.15,35.22,33.93,0
2006,M,SP,9,CHIPER Gheorghe,ROM,67.66,37.12,30.54,0
2006,M,SP,10,LYSACEK Evan,USA,67.55,33.8,34.75,1
2006,M,SP,11,ZHANG Min,CHN,67.39,36.29,31.1,0
2006,M,SP,12,SAWYER Shawn,CAN,67.2,35.02,32.18,0
2006,M,SP,13,VAN DER PERREN Kevin,BEL,65.36,33.5,32.86,1
2006,M,SP,14,DAVYDOV Sergei,BLR,64.65,35.58,29.07,0
2006,M,SP,15,DINEV Ivan,BUL,63.64,34.29,29.35,0
2006,M,SP,16,KOVALEVSKI Anton,UKR,63.41,33.95,29.46,0
2006,M,SP,17,PFEIFER Viktor,AUT,62.17,34.28,27.89,0
2006,M,SP,18,KLIMKIN Ilia,RUS,61.61,29.9,31.71,0
2006,M,SP,19,DAMBIER Frederic,FRA,61.17,30.48,31.69,1
2006,M,SP,20,LINDEMANN Stefan,GER,60.52,27.94,32.58,0
2006,M,SP,21,LI Chengjiang,CHN,60.23,30.55,30.68,1
2006,M,SP,22,VERNER Tomas,CZE,59.71,30.25,29.46,0
2006,M,SP,23,BERNTSSON Kristoffer,SWE,59.55,31.34,28.21,0
2006,M,SP,24,TOTH Zoltan,HUN,55.07,29.67,25.4,0
2006,M,SP,25,ZELENKA Karel,ITA,53.46,27.96,26.5,1
2006,M,SP,26,ZIVANOVIC Trifun,SCG,53.4,29.44,23.96,0
2006,M,SP,27,OTHMAN Jamal,SUI,52.18,24.46,27.72,0
2006,M,SP,28,MURVANIDZE Vakhtang,GEO,49.68,24.32,26.36,1
2006,M,SP,29,URBAS Gregor,SLO,46.48,20.28,26.2,0
2006,M,SP,30,HAN Jong In,PRK,42.11,19.5,22.62,0
2006,M,FS,1,PLUSHENKO Evgeni,RUS,167.67,85.25,82.42,0
2006,M,FS,2,BUTTLE Jeffrey,CAN,154.3,76.8,78.5,1
2006,M,FS,3,LYSACEK Evan,USA,152.58,78.24,74.34,0
2006,M,FS,4,LAMBIEL Stephane,SUI,152.17,76.89,76.28,1
2006,M,FS,5,SAVOIE Matthew,USA,137.52,65.8,71.72,0
2006,M,FS,6,WEIR Johnny,USA,136.63,61.27,75.36,0
2006,M,FS,7,JOUBERT Brian,FRA,135.12,62.54,73.58,1
2006,M,FS,8,VAN DER PERREN Kevin,BEL,132.03,66.01,66.02,0
2006,M,FS,9,TAKAHASHI Daisuke,JPN,131.12,58.82,73.3,1
2006,M,FS,10,KLIMKIN Ilia,RUS,130.19,65.97,65.22,1
2006,M,FS,11,ZHANG Min,CHN,128.88,65.16,63.72,0
2006,M,FS,12,SAWYER Shawn,CAN,123.63,55.13,68.5,0
2006,M,FS,13,LI Chengjiang,CHN,121.98,66.04,56.94,1
2006,M,FS,14,SANDHU Emanuel,CAN,120.49,52.27,70.22,2
2006,M,FS,15,VERNER Tomas,CZE,120.36,63.14,57.22,0
2006,M,FS,16,DAVYDOV Sergei,BLR,119.94,59,60.94,0
2006,M,FS,17,CHIPER Gheorghe,ROM,118.53,54.23,64.3,0
2006,M,FS,18,DINEV Ivan,BUL,116.47,57.97,58.5,0
2006,M,FS,19,DAMBIER Frederic,FRA,116.42,55.92,62.5,2
2006,M,FS,20,LINDEMANN Stefan,GER,112.05,51.05,62,0
2006,M,FS,21,KOVALEVSKI Anton,UKR,109.43,53.93,57.5,2
2006,M,FS,22,BERNTSSON Kristoffer,SWE,102.4,48.32,56.08,2
2006,M,FS,23,PFEIFER Viktor,AUT,101.7,45.26,57.44,1
2006,M,FS,24,TOTH Zoltan,HUN,90.4,42.2,50.2,2
2006,W,SP,1,COHEN Sasha,USA,66.73,35.33,31.4,0
2006,W,SP,2,SLUTSKAYA Irina,RUS,66.7,36.21,30.49,0
2006,W,SP,3,ARAKAWA Shizuka,JPN,66.02,35.93,30.09,0
2006,W,SP,4,SUGURI Fumie,JPN,61.75,32.61,29.14,0
2006,W,SP,5,MEISSNER Kimmie,USA,59.4,34.2,25.2,0
2006,W,SP,6,GEDEVANISHVILI Elene,GEO,57.9,33.25,24.65,0
2006,W,SP,7,HUGHES Emily,USA,57.08,31.71,25.37,0
2006,W,SP,8,ANDO Miki,JPN,56,29.12,26.88,0
2006,W,SP,9,ROCHETTE Joannie,CAN,55.85,28.87,26.98,0
2006,W,SP,10,MEIER Sarah,SUI,55.57,30.69,24.88,0
2006,W,SP,11,KOSTNER Carolina,ITA,53.77,26.25,28.52,1
2006,W,SP,12,POYKIO Susanna,FIN,53.74,28.43,25.31,0
2006,W,SP,13,LIASHENKO Elena,UKR,52.35,27.47,24.88,0
2006,W,SP,14,LEUNG Mira,CAN,50.61,29.38,21.23,0
2006,W,SP,15,LIU Yan,CHN,49.84,27.24,22.6,0
2006,W,SP,16,SEBESTYEN Julia,HUN,49.58,26.75,23.83,0
2006,W,SP,17,HEGEL Idora,CRO,47.06,26.74,20.32,0
2006,W,SP,18,SOKOLOVA Elena,RUS,46.69,21.13,25.56,0
2006,W,SP,19,PAVUK Viktoria,HUN,46.4,26.78,19.62,0
2006,W,SP,20,KORPI Kiira,FIN,44.84,23.84,21,0
2006,W,SP,21,MAXWELL Fleur,LUX,44.53,24.33,20.2,0
2006,W,SP,22,KARADEMIR Tugba,TUR,44.2,25.7,18.5,0
2006,W,SP,23,FONTANA Silvia,ITA,42.47,19.87,22.6,0
2006,W,SP,24,EFREMENKO Galina,UKR,41.25,20.43,21.82,1
2006,W,SP,25,CARTER Joanne,AUS,40.86,21.21,20.65,1
2006,W,SP,26,LUCA Roxana,ROM,39.37,21.49,17.88,0
2006,W,SP,27,KIM Yong Suk,PRK,39.16,19.37,19.79,0
2006,W,SP,28,GLEBOVA Elena,EST,38.47,21.06,18.41,1
2006,W,SP,29,GIMAZETDINOVA Anastasia,UZB,38.44,19.06,19.38,0
2006,W,FS,1,ARAKAWA Shizuka,JPN,125.32,62.32,63,0
2006,W,FS,2,COHEN Sasha,USA,116.63,55.22,62.41,1
2006,W,FS,3,SLUTSKAYA Irina,RUS,114.74,53.87,61.87,1
2006,W,FS,4,SUGURI Fumie,JPN,113.48,54.23,59.25,0
2006,W,FS,5,ROCHETTE Joannie,CAN,111.42,55.29,56.13,0
2006,W,FS,6,MEISSNER Kimmie,USA,106.31,52.77,53.54,0
2006,W,FS,7,HUGHES Emily,USA,103.79,53.82,50.97,1
2006,W,FS,8,MEIER Sarah,SUI,100.56,49.31,51.25,0
2006,W,FS,9,KOSTNER Carolina,ITA,99.73,43.84,55.89,0
2006,W,FS,10,SOKOLOVA Elena,RUS,95.66,45.38,50.28,0
2006,W,FS,11,LIU Yan,CHN,95.46,50.4,45.06,0
2006,W,FS,12,LEUNG Mira,CAN,94.55,51.83,42.72,0
2006,W,FS,13,GEDEVANISHVILI Elene,GEO,93.56,43.6,49.96,0
2006,W,FS,14,KORPI Kiira,FIN,92.36,48.84,43.52,0
2006,W,FS,15,POYKIO Susanna,FIN,89.48,40.54,49.94,1
2006,W,FS,16,ANDO Miki,JPN,84.2,35.69,50.51,2
2006,W,FS,17,EFREMENKO Galina,UKR,84.12,41.7,42.42,0
2006,W,FS,18,LIASHENKO Elena,UKR,81.73,36.01,45.72,0
2006,W,FS,19,HEGEL Idora,CRO,80.01,39.15,40.86,0
2006,W,FS,20,SEBESTYEN Julia,HUN,79.68,34.86,45.82,1
2006,W,FS,21,KARADEMIR Tugba,TUR,79.44,42.64,36.8,0
2006,W,FS,22,FONTANA Silvia,ITA,77.9,35.67,42.23,0
2006,W,FS,23,PAVUK Viktoria,HUN,73.45,36.58,37.87,1
2006,W,FS,24,MAXWELL Fleur,LUX,65.04,26.77,39.27,1
2010,M,SP,1,PLUSHENKO Evgeni,RUS,90.85,51.1,39.75,0
2010,M,SP,2,LYSACEK Evan,USA,90.3,48.3,42,0
2010,M,SP,3,TAKAHASHI Daisuke,JPN,90.25,48.9,41.35,0
2010,M,SP,4,ODA Nobunari,JPN,84.85,46,38.85,0
2010,M,SP,5,LAMBIEL Stephane,SUI,84.63,41.48,43.15,0
2010,M,SP,6,WEIR Johnny,USA,82.1,42.9,39.2,0
2010,M,SP,7,CHAN Patrick,CAN,81.12,41.42,40.7,1
2010,M,SP,8,KOZUKA Takahiko,JPN,79.59,42.14,37.45,0
2010,M,SP,9,BREZINA Michal,CZE,78.8,42.5,36.3,0
2010,M,SP,10,TEN Denis,KAZ,76.24,41.24,35,0
2010,M,SP,11,AMODIO Florent,FRA,75.35,41.9,33.45,0
2010,M,SP,12,van der PERREN Kevin,BEL,72.9,39.2,33.7,0
2010,M,SP,13,BORODULIN Artem,RUS,72.24,39.94,32.3,0
2010,M,SP,14,CONTESTI Samuel,ITA,70.6,36.6,35,1
2010,M,SP,15,ABBOTT Jeremy,USA,69.4,30.7,38.7,0
2010,M,SP,16,FERNANDEZ Javier,ESP,68.69,37.64,31.05,0
2010,M,SP,17,LINDEMANN Stefan,GER,68.5,37.7,30.8,0
2010,M,SP,18,JOUBERT Brian,FRA,68,31.9,37.1,1
2010,M,SP,19,VERNER Tomas,CZE,65.32,30.02,36.3,1
2010,M,SP,20,BACCHINI Paolo,ITA,64.42,34.82,29.6,0
2010,M,SP,21,KOVALEVSKI Anton,UKR,63.81,36.66,27.15,0
2010,M,SP,22,SCHULTHEISS Adrian,SWE,63.13,32.78,30.35,0
2010,M,SP,23,PFEIFER Viktor,AUT,60.88,34.08,26.8,0
2010,M,SP,24,CHIPEUR Vaughn,CAN,57.22,30.22,27,0
2010,M,SP,25,RI Song Chol,PRK,56.6,33.4,23.2,0
2010,M,SP,26,RAKIMGALIEV Abzal,KAZ,55.88,32.48,23.4,0
2010,M,SP,27,URBAS Gregor,SLO,53.02,28.92,24.1,0
2010,M,SP,28,DOMANSKI Przemyslaw,POL,52.14,28.44,23.7,0
2010,M,SP,29,KELEMEN Zoltan,ROU,51.95,27.4,25.55,1
2010,M,SP,30,NURMENKARI Ari-Pekka,FIN,44.62,22.72,22.9,1
2010,M,FS,1,LYSACEK Evan,USA,167.37,84.57,82.8,0
2010,M,FS,2,PLUSHENKO Evgeni,RUS,165.51,82.71,82.8,0
2010,M,FS,3,LAMBIEL Stephane,SUI,162.09,78.49,83.6,0
2010,M,FS,4,CHAN Patrick,CAN,160.3,79.3,82,1
2010,M,FS,5,TAKAHASHI Daisuke,JPN,156.98,73.48,84.5,1
2010,M,FS,6,WEIR Johnny,USA,156.77,79.67,77.1,0
2010,M,FS,7,ODA Nobunari,JPN,153.69,79.69,77,3
2010,M,FS,8,KOZUKA Takahiko,JPN,151.6,78.4,74.2,1
2010,M,FS,9,ABBOTT Jeremy,USA,149.56,71.56,79,1
2010,M,FS,10,FERNANDEZ Javier,ESP,137.99,68.19,70.8,1
2010,M,FS,11,BREZINA Michal,CZE,137.93,67.43,71.5,1
2010,M,FS,12,BORODULIN Artem,RUS,137.92,72.62,65.3,0
2010,M,FS,13,SCHULTHEISS Adrian,SWE,137.31,74.01,63.3,0
2010,M,FS,14,TEN Denis,KAZ,135.01,67.61,67.4,0
2010,M,FS,15,AMODIO Florent,FRA,134.95,63.25,71.7,0
2010,M,FS,16,JOUBERT Brian,FRA,132.22,59.12,74.1,1
2010,M,FS,17,VERNER Tomas,CZE,119.42,52.62,67.8,1
2010,M,FS,18,van der PERREN Kevin,BEL,116.94,54.04,62.9,0
2010,M,FS,19,CONTESTI Samuel,ITA,116.9,50.2,66.7,0
2010,M,FS,20,PFEIFER Viktor,AUT,115.05,61.25,54.8,1
2010,M,FS,21,CHIPEUR Vaughn,CAN,113.7,55.1,58.6,0
2010,M,FS,22,BACCHINI Paolo,ITA,112.79,55.19,57.6,0
2010,M,FS,23,LINDEMANN Stefan,GER,103.48,46.68,56.8,0
2010,M,FS,24,KOVALEVSKI Anton,UKR,102.09,49.99,55.1,3
2010,W,SP,1,KIM Yu-Na,KOR,78.5,44.7,33.8,0
2010,W,SP,2,ASADA Mao,JPN,73.78,41.5,32.28,0
2010,W,SP,3,ROCHETTE Joannie,CAN,71.36,39.2,32.16,0
2010,W,SP,4,ANDO Miki,JPN,64.76,34.8,29.96,0
2010,W,SP,5,FLATT Rachael,USA,64.64,36.8,27.84,0
2010,W,SP,6,NAGASU Mirai,USA,63.76,37,26.76,0
2010,W,SP,7,KOSTNER Carolina,ITA,63.02,33.34,29.68,0
2010,W,SP,8,LEONOVA Alena,RUS,62.14,33.9,28.24,0
2010,W,SP,9,GEDEVANISHVILI Elene,GEO,61.92,35.8,26.12,0
2010,W,SP,10,LEPISTO Laura,FIN,61.36,32.88,28.48,0
2010,W,SP,11,SUZUKI Akiko,JPN,61.02,33.1,27.92,0
2010,W,SP,12,MAKAROVA Ksenia,RUS,59.22,35.46,23.76,0
2010,W,SP,13,SEBESTYEN Julia,HUN,57.46,30.7,26.76,0
2010,W,SP,14,PHANEUF Cynthia,CAN,57.16,31.8,26.36,1
2010,W,SP,15,MEIER Sarah,SUI,56.7,30.7,26,0
2010,W,SP,16,KWAK Min-Jung,KOR,53.16,31.4,21.76,0
2010,W,SP,17,KORPI Kiira,FIN,52.96,27.72,26.24,1
2010,W,SP,18,LEE Cheltzie,AUS,52.16,30.72,21.44,0
2010,W,SP,19,LIU Yan,CHN,51.74,29.94,21.8,0
2010,W,SP,20,GLEBOVA Elena,EST,50.8,27.2,23.6,0
2010,W,SP,21,KARADEMIR Tugba,TUR,50.74,28.74,22,0
2010,W,SP,22,LAFUENTE Sonia,ESP,49.74,28.94,20.8,0
2010,W,SP,23,HECKEN Sarah,GER,49.04,27.04,22,0
2010,W,SP,24,GIMAZETDINOVA Anastasia,UZB,49.02,27.94,21.08,0
2010,W,SP,25,PIEMAN Isabelle,BEL,46.1,26.26,19.84,0
2010,W,SP,26,ZIEGLER Miriam,AUT,43.84,24.8,20.04,1
2010,W,SP,27,POSTIC Teodora,SLO,43.8,23.8,20,0
2010,W,SP,28,REITMAYEROVA Ivana,SVK,41.94,22.66,19.28,0
2010,W,SP,29,McCORKELL Jenna,GBR,40.64,20.08,21.56,1
2010,W,SP,30,JURKIEWICZ Anna,POL,36.1,16.78,19.32,0
2010,W,FS,1,KIM Yu-Na,KOR,150.06,78.3,71.76,0
2010,W,FS,2,ASADA Mao,JPN,131.72,64.68,67.04,0
2010,W,FS,3,ROCHETTE Joannie,CAN,131.28,62.8,68.48,0
2010,W,FS,4,LEPISTO Laura,FIN,126.61,63.89,62.72,0
2010,W,FS,5,NAGASU Mirai,USA,126.39,65.83,60.56,0
2010,W,FS,6,ANDO Miki,JPN,124.1,62.5,61.6,0
2010,W,FS,7,SUZUKI Akiko,JPN,120.42,60.98,59.44,0
2010,W,FS,8,FLATT Rachael,USA,117.85,59.37,58.48,0
2010,W,FS,9,MAKAROVA Ksenia,RUS,112.69,58.77,53.92,0
2010,W,FS,10,LEONOVA Alena,RUS,110.32,55.84,54.48,0
2010,W,FS,11,KORPI Kiira,FIN,108.61,54.93,53.68,0
2010,W,FS,12,KWAK Min-Jung,KOR,102.37,53.57,48.8,0
2010,W,FS,13,PHANEUF Cynthia,CAN,99.46,48.94,51.52,1
2010,W,FS,14,MEIER Sarah,SUI,96.11,43.87,52.24,0
2010,W,FS,15,HECKEN Sarah,GER,94.9,50.98,43.92,0
2010,W,FS,16,SEBESTYEN Julia,HUN,93.8,41.32,52.48,0
2010,W,FS,17,GEDEVANISHVILI Elene,GEO,93.32,40.64,53.68,1
2010,W,FS,18,LIU Yan,CHN,91.73,49.33,42.4,0
2010,W,FS,19,KOSTNER Carolina,ITA,88.88,34.84,57.04,3
2010,W,FS,20,LEE Cheltzie,AUS,86,42.44,44.56,1
2010,W,FS,21,LAFUENTE Sonia,ESP,83.77,43.97,40.8,1
2010,W,FS,22,GLEBOVA Elena,EST,83.39,39.11,45.28,1
2010,W,FS,23,GIMAZETDINOVA Anastasia,UZB,82.63,41.47,42.16,1
2010,W,FS,24,KARADEMIR Tugba,TUR,78.8,37.64,42.16,1
2014,M,SP,1,HANYU Yuzuru,JPN,101.45,54.84,46.61,0
2014,M,SP,2,CHAN Patrick,CAN,97.52,50.34,47.18,0
2014,M,SP,3,FERNANDEZ Javier,ESP,86.98,43.87,43.11,0
2014,M,SP,4,TAKAHASHI Daisuke,JPN,86.4,41.75,44.65,0
2014,M,SP,5,LIEBERS Peter,GER,86.04,47.26,38.78,0
2014,M,SP,6,BROWN Jason,USA,86,45.39,40.61,0
2014,M,SP,7,JOUBERT Brian,FRA,85.84,45.11,40.73,0
2014,M,SP,8,YAN Han,CHN,85.66,44.94,40.72,0
2014,M,SP,9,TEN Denis,KAZ,84.06,43.49,41.57,1
2014,M,SP,10,MAJOROV Alexander,SWE,83.81,45.52,38.29,0
2014,M,SP,11,MACHIDA Tatsuki,JPN,83.48,40.98,42.5,0
2014,M,SP,12,BREZINA Michal,CZE,81.95,42.2,39.75,0
2014,M,SP,13,VERNER Tomas,CZE,81.09,42.11,39.98,1
2014,M,SP,14,AMODIO Florent,FRA,75.58,35.79,39.79,0
2014,M,SP,15,ABBOTT Jeremy,USA,72.58,37.21,37.37,2
2014,M,SP,16,HENDRICKX Jorik,BEL,72.52,39.88,32.64,0
2014,M,SP,17,REYNOLDS Kevin,CAN,68.76,33.98,36.78,2
2014,M,SP,18,GE Misha,UZB,68.07,35.64,32.43,0
2014,M,SP,19,MARTINEZ Michael Christian,PHI,64.81,33.31,31.5,0
2014,M,SP,20,RAKIMGALIEV Abzal,KAZ,64.18,34.5,29.68,0
2014,M,SP,21,GODOROZHA Yakov,UKR,62.65,34.08,28.57,0
2014,M,SP,22,BYCHENKO Alexei,ISR,62.44,32.05,31.39,1
2014,M,SP,23,ROMANENKOV Viktor,EST,61.55,34.16,27.39,0
2014,M,SP,24,KELEMEN Zoltan,ROU,60.41,30.4,30.01,0
2014,M,SP,25,RAYA Javier,ESP,59.76,28.91,30.85,0
2014,M,SP,26,PFEIFER Viktor,AUT,56.6,25.23,31.37,0
2014,M,SP,27,PARKINSON Paul Bonifacio,ITA,56.3,28.91,28.39,1
2014,M,SP,28,FIRUS Liam,CAN,55.04,27.47,29.57,2
2014,M,SP,29,KERRY Brendan,AUS,47.12,21.87,26.25,1
2014,M,SP,WD,PLYUSHCHENKO Evgeny,RUS,0,0,0,0
2014,M,FS,1,HANYU Yuzuru,JPN,178.64,89.66,90.98,2
2014,M,FS,2,CHAN Patrick,CAN,178.1,85.4,92.7,0
2014,M,FS,3,TEN Denis,KAZ,171.04,88.9,82.14,0
2014,M,FS,4,MACHIDA Tatsuki,JPN,169.94,88.22,82.72,1
2014,M,FS,5,FERNANDEZ Javier,ESP,166.94,77.8,89.14,0
2014,M,FS,6,TAKAHASHI Daisuke,JPN,164.27,73.27,91,0
2014,M,FS,7,YAN Han,CHN,160.54,80.6,79.94,0
2014,M,FS,8,ABBOTT Jeremy,USA,160.12,78.1,82.02,0
2014,M,FS,9,LIEBERS Peter,GER,153.83,75.97,78.86,1
2014,M,FS,10,REYNOLDS Kevin,CAN,153.47,79.83,73.64,0
2014,M,FS,11,BROWN Jason,USA,152.37,68.09,84.28,0
2014,M,FS,12,VERNER Tomas,CZE,151.9,73.98,78.92,1
2014,M,FS,13,BREZINA Michal,CZE,151.67,75.31,77.36,1
2014,M,FS,14,JOUBERT Brian,FRA,145.93,69.51,76.42,0
2014,M,FS,15,HENDRICKX Jorik,BEL,141.52,73.88,67.64,0
2014,M,FS,16,MAJOROV Alexander,SWE,141.05,66.05,75,0
2014,M,FS,17,GE Misha,UZB,135.19,69.63,65.56,0
2014,M,FS,18,AMODIO Florent,FRA,123.06,49,74.06,0
2014,M,FS,19,GODOROZHA Yakov,UKR,119.54,65.12,54.42,0
2014,M,FS,20,MARTINEZ Michael Christian,PHI,119.44,62.58,57.86,1
2014,M,FS,21,BYCHENKO Alexei,ISR,114.62,59.96,55.66,1
2014,M,FS,22,RAKIMGALIEV Abzal,KAZ,110.22,53.92,56.3,0
2014,M,FS,23,KELEMEN Zoltan,ROU,98.35,50.27,51.08,3
2014,M,FS,24,ROMANENKOV Viktor,EST,78.44,32.42,48.02,2
2014,W,SP,1,KIM Yuna,KOR,74.92,39.03,35.89,0
2014,W,SP,2,SOTNIKOVA Adelina,RUS,74.64,39.09,35.55,0
2014,W,SP,3,KOSTNER Carolina,ITA,74.12,37.49,36.63,0
2014,W,SP,4,GOLD Gracie,USA,68.63,36.55,32.08,0
2014,W,SP,5,LIPNITSKAYA Yulia,RUS,65.23,33.15,33.08,1
2014,W,SP,6,WAGNER Ashley,USA,65.21,31.43,33.78,0
2014,W,SP,7,EDMUNDS Polina,USA,61.04,32.98,28.06,0
2014,W,SP,8,SUZUKI Akiko,JPN,60.97,28.71,32.26,0
2014,W,SP,9,MEITE Mae Berenice,FRA,58.63,30.83,27.8,0
2014,W,SP,10,WEINZIERL Nathalie,GER,57.63,31.94,25.69,0
2014,W,SP,11,LI Zijun,CHN,57.55,30.01,27.54,0
2014,W,SP,12,MARCHEI Valentina,ITA,57.02,27.52,29.5,0
2014,W,SP,13,OSMOND Kaetlyn,CAN,56.18,27.51,28.67,0
2014,W,SP,14,ZHANG Kexin,CHN,55.8,32.68,23.12,0
2014,W,SP,15,MURAKAMI Kanako,JPN,55.6,26.72,28.88,0
2014,W,SP,16,ASADA Mao,JPN,55.51,22.63,33.88,1
2014,W,SP,17,GEDEVANISHVILI Elene,GEO,54.7,27.51,27.19,0
2014,W,SP,18,KIM Haejin,KOR,54.37,29.23,25.14,0
2014,W,SP,19,DALEMAN Gabrielle,CAN,52.61,28.07,24.54,0
2014,W,SP,20,UKOLOVA Elizaveta,CZE,51.87,29.72,22.15,0
2014,W,SP,21,RAJICOVA Nicole,SVK,49.8,26.63,23.17,0
2014,W,SP,22,HAN Brooklee,AUS,49.32,26.37,22.95,0
2014,W,SP,23,PARK So Youn,KOR,49.14,25.35,23.79,0
2014,W,SP,24,GJERSEM Anne Line,NOR,48.56,26.13,22.43,0
2014,W,SP,25,McCORKELL Jenna,GBR,48.34,25.34,23,0
2014,W,SP,26,FRANK Kerstin,AUT,48,26.64,21.36,0
2014,W,SP,27,HELGESSON Viktoria,SWE,47.84,21.83,27.01,1
2014,W,SP,28,POPOVA Natalia,UKR,47.42,24.3,23.12,0
2014,W,SP,29,GLEBOVA Elena,EST,46.19,22.59,23.6,0
2014,W,SP,30,WILLIAMS Isadora,BRA,40.37,18.93,21.44,0
2014,W,FS,1,SOTNIKOVA Adelina,RUS,149.95,75.54,74.41,0
2014,W,FS,2,KIM Yuna,KOR,144.19,69.69,74.5,0
2014,W,FS,3,ASADA Mao,JPN,142.71,73.03,69.68,0
2014,W,FS,4,KOSTNER Carolina,ITA,142.61,68.84,73.77,0
2014,W,FS,5,GOLD Gracie,USA,136.9,69.57,68.33,1
2014,W,FS,6,LIPNITSKAYA Yulia,RUS,135.34,66.28,70.06,1
2014,W,FS,7,WAGNER Ashley,USA,127.99,61.07,66.92,0
2014,W,FS,8,SUZUKI Akiko,JPN,125.35,60.57,65.78,1
2014,W,FS,9,EDMUNDS Polina,USA,122.21,63.02,60.19,1
2014,W,FS,10,MARCHEI Valentina,ITA,116.31,55.56,60.75,0
2014,W,FS,11,MEITE Mae Berenice,FRA,115.9,60.86,56.04,1
2014,W,FS,12,MURAKAMI Kanako,JPN,115.38,56.96,58.42,0
2014,W,FS,13,OSMOND Kaetlyn,CAN,112.8,55.97,57.83,1
2014,W,FS,14,LI Zijun,CHN,110.75,55.79,54.96,0
2014,W,FS,15,ZHANG Kexin,CHN,98.41,49.84,48.57,0
2014,W,FS,16,DALEMAN Gabrielle,CAN,95.83,48.4,47.43,0
2014,W,FS,17,KIM Haejin,KOR,95.11,45.25,50.86,1
2014,W,FS,18,HAN Brooklee,AUS,94.52,48.71,46.81,1
2014,W,FS,19,PARK So Youn,KOR,93.83,48.72,46.11,1
2014,W,FS,20,GEDEVANISHVILI Elene,GEO,92.45,39.85,53.6,1
2014,W,FS,21,WEINZIERL Nathalie,GER,89.73,38.47,52.26,1
2014,W,FS,22,GJERSEM Anne Line,NOR,85.98,41.24,44.74,0
2014,W,FS,23,UKOLOVA Elizaveta,CZE,84.55,42.94,43.61,2
2014,W,FS,24,RAJICOVA Nicole,SVK,75.2,30.39,45.81,1
2018,M,SP,1,HANYU Yuzuru,JPN,111.68,63.18,48.5,0
2018,M,SP,2,FERNANDEZ Javier,ESP,107.58,59.79,47.79,0
2018,M,SP,3,UNO Shoma,JPN,104.17,58.13,46.04,0
2018,M,SP,4,JIN Boyang,CHN,103.32,60.27,43.05,0
2018,M,SP,5,ALIEV Dmitri,OAR,98.98,56.98,42,0
2018,M,SP,6,CHAN Patrick,CAN,90.01,45.08,45.93,1
2018,M,SP,7,RIPPON Adam,USA,87.95,44.48,43.47,0
2018,M,SP,8,KOLYADA Mikhail,OAR,86.69,43.84,43.85,1
2018,M,SP,9,BREZINA Michal,CZE,85.15,44.34,40.81,0
2018,M,SP,10,MESSING Keegan,CAN,85.11,45.5,40.61,1
2018,M,SP,11,HENDRICKX Jorik,BEL,84.74,44.17,40.57,0
2018,M,SP,12,ZHOU Vincent,USA,84.53,48.5,36.03,0
2018,M,SP,13,BYCHENKO Alexei,ISR,84.13,43.63,40.5,0
2018,M,SP,14,GE Misha,UZB,83.9,41.75,42.15,0
2018,M,SP,15,CHA Junhwan,KOR,83.43,43.79,39.64,0
2018,M,SP,16,KERRY Brendan,AUS,83.06,45.49,37.57,0
2018,M,SP,17,CHEN Nathan,USA,82.27,41.39,41.88,1
2018,M,SP,18,SAMOHIN Daniel,ISR,80.69,43.29,38.4,1
2018,M,SP,19,YAN Han,CHN,80.63,40.99,40.64,1
2018,M,SP,20,TANAKA Keiji,JPN,80.05,40.3,40.75,1
2018,M,SP,21,VASILJEVS Deniss,LAT,79.52,39.34,41.18,1
2018,M,SP,22,KVITELASHVILI Morisi,GEO,76.56,40.88,36.68,1
2018,M,SP,23,RIZZO Matteo,ITA,75.63,39.23,36.4,0
2018,M,SP,24,FENTZ Paul,GER,74.73,37.71,37.02,0
2018,M,SP,25,YEE Julian Zhi Jie,MAS,73.58,38.37,35.21,0
2018,M,SP,26,BESSEGHIER Chafik,FRA,72.1,38.41,33.69,0
2018,M,SP,27,TEN Denis,KAZ,70.12,30.77,39.35,0
2018,M,SP,28,MARTINEZ Michael Christian,PHI,55.56,26.04,29.52,0
2018,M,SP,29,MONTOYA Felipe,ESP,52.41,22.59,30.82,1
2018,M,SP,30,PANIOT Yaroslav,UKR,46.58,18.68,29.9,2
2018,M,FS,1,CHEN Nathan,USA,215.08,127.64,87.44,0
2018,M,FS,2,HANYU Yuzuru,JPN,206.17,109.55,96.62,0
2018,M,FS,3,UNO Shoma,JPN,202.73,111.01,92.72,1
2018,M,FS,4,FERNANDEZ Javier,ESP,197.66,101.52,96.14,0
2018,M,FS,5,JIN Boyang,CHN,194.45,109.69,85.76,1
2018,M,FS,6,ZHOU Vincent,USA,192.16,112.24,79.92,0
2018,M,FS,7,KOLYADA Mikhail,OAR,177.56,91.62,87.94,2
2018,M,FS,8,CHAN Patrick,CAN,173.42,81.56,91.86,0
2018,M,FS,9,BYCHENKO Alexei,ISR,172.88,89.08,83.8,0
2018,M,FS,10,RIPPON Adam,USA,171.41,84.47,86.94,0
2018,M,FS,11,SAMOHIN Daniel,ISR,170.75,89.03,81.72,0
2018,M,FS,12,MESSING Keegan,CAN,170.32,84.88,85.44,0
2018,M,FS,13,ALIEV Dmitri,OAR,168.53,85.39,85.14,2
2018,M,FS,14,CHA Junhwan,KOR,165.16,84.94,81.22,1
2018,M,FS,15,TANAKA Keiji,JPN,164.78,85.64,81.14,2
2018,M,FS,16,HENDRICKX Jorik,BEL,164.21,81.79,82.42,0
2018,M,FS,17,GE Misha,UZB,161.04,74.96,86.08,0
2018,M,FS,18,BREZINA Michal,CZE,160.92,76.58,84.34,0
2018,M,FS,19,RIZZO Matteo,ITA,156.78,80.86,75.92,0
2018,M,FS,20,VASILJEVS Deniss,LAT,155.06,76.42,80.64,2
2018,M,FS,21,KERRY Brendan,AUS,150.75,73.33,77.42,0
2018,M,FS,22,FENTZ Paul,GER,139.82,66.98,72.84,0
2018,M,FS,23,YAN Han,CHN,132.38,53.8,79.58,1
2018,M,FS,24,KVITELASHVILI Morisi,GEO,128.01,63.35,70.66,6
2018,W,SP,1,ZAGITOVA Alina,OAR,82.92,45.3,37.62,0
2018,W,SP,2,MEDVEDEVA Evgenia,OAR,81.61,43.19,38.42,0
2018,W,SP,3,OSMOND Kaetlyn,CAN,78.87,41.83,37.04,0
2018,W,SP,4,MIYAHARA Satoko,JPN,75.94,40.25,35.69,0
2018,W,SP,5,SAKAMOTO Kaori,JPN,73.18,40.36,32.82,0
2018,W,SP,6,KOSTNER Carolina,ITA,73.15,35.06,38.09,0
2018,W,SP,7,DALEMAN Gabrielle,CAN,68.9,35.9,33,0
2018,W,SP,8,CHOI Dabin,KOR,67.77,37.54,30.23,0
2018,W,SP,9,NAGASU Mirai,USA,66.93,37.24,30.69,1
2018,W,SP,10,CHEN Karen,USA,65.9,33.53,32.37,0
2018,W,SP,11,TENNELL Bradie,USA,64.01,35.5,29.51,1
2018,W,SP,12,SOTSKOVA Maria,OAR,63.86,31.47,33.39,1
2018,W,SP,13,RAJICOVA Nicole,SVK,60.59,32.36,28.23,0
2018,W,SP,14,SCHOTT Nicole,GER,59.2,31.62,27.58,0
2018,W,SP,15,TURSYNBAEVA Elizabet,KAZ,58.82,29.14,29.68,0
2018,W,SP,16,CRAINE Kailani,AUS,56.77,30.36,26.41,0
2018,W,SP,17,WILLIAMS Isadora,BRA,55.74,29.83,25.91,0
2018,W,SP,18,PELTONEN Emmi,FIN,55.28,28.48,27.8,1
2018,W,SP,19,PAGANINI Alexia,SUI,55.26,29.99,25.27,0
2018,W,SP,20,HENDRICKX Loena,BEL,55.16,27.79,27.37,0
2018,W,SP,21,KIM Hanul,KOR,54.33,29.41,24.92,0
2018,W,SP,22,MEITE Mae Berenice,FRA,53.67,28.24,25.43,0
2018,W,SP,23,TOTH Ivett,HUN,53.22,27.6,25.62,0
2018,W,SP,24,LI Xiangning,CHN,52.46,27.27,26.19,1
2018,W,SP,25,AUSTMAN Larkyn,CAN,51.42,25.93,26.49,1
2018,W,SP,26,NIKITINA Diana,LAT,51.12,26.35,24.77,0
2018,W,SP,27,RUSSO Giada,ITA,50.88,25.9,25.98,1
2018,W,SP,28,OESTLUND Anita,SWE,49.14,25.35,23.79,0
2018,W,SP,29,KHNYCHENKOVA Anna,UKR,47.59,26.66,22.93,2
2018,W,SP,30,MAMBEKOVA Aiza,KAZ,44.4,21.29,23.11,0
2018,W,FS,1,MEDVEDEVA Evgenia,OAR,156.65,79.18,77.47,0
2018,W,FS,2,ZAGITOVA Alina,OAR,156.65,81.62,75.03,0
2018,W,FS,3,OSMOND Kaetlyn,CAN,152.15,76.5,75.65,0
2018,W,FS,4,MIYAHARA Satoko,JPN,146.44,75.2,71.24,0
2018,W,FS,5,KOSTNER Carolina,ITA,139.29,63.64,75.65,0
2018,W,FS,6,SAKAMOTO Kaori,JPN,136.53,68.42,68.11,0
2018,W,FS,7,SOTSKOVA Maria,OAR,134.24,66.94,67.3,0
2018,W,FS,8,CHOI Dabin,KOR,131.49,68.74,62.75,0
2018,W,FS,9,TENNELL Bradie,USA,128.34,65.41,62.93,0
2018,W,FS,10,KIM Hanul,KOR,121.38,67.03,54.35,0
2018,W,FS,11,CHEN Karen,USA,119.75,56.65,64.1,1
2018,W,FS,12,NAGASU Mirai,USA,119.61,57.56,62.05,0
2018,W,FS,13,TURSYNBAEVA Elizabet,KAZ,118.3,60.5,58.8,1
2018,W,FS,14,HENDRICKX Loena,BEL,116.72,60.73,55.99,0
2018,W,FS,15,RAJICOVA Nicole,SVK,114.6,57.8,56.8,0
2018,W,FS,16,CRAINE Kailani,AUS,111.84,57.89,53.95,0
2018,W,FS,17,SCHOTT Nicole,GER,109.26,52.68,56.58,0
2018,W,FS,18,MEITE Mae Berenice,FRA,106.25,55.13,52.12,1
2018,W,FS,19,DALEMAN Gabrielle,CAN,103.56,45.81,61.75,4
2018,W,FS,20,LI Xiangning,CHN,101.97,50.56,51.41,0
2018,W,FS,21,PELTONEN Emmi,FIN,101.86,46.41,56.45,1
2018,W,FS,22,PAGANINI Alexia,SUI,101,50.94,50.06,0
2018,W,FS,23,TOTH Ivett,HUN,97.21,49.82,50.39,3
2018,W,FS,24,WILLIAMS Isadora,BRA,88.44,38.39,51.05,1
2022,M,SP,1,CHEN Nathan,USA,113.97,65.98,47.99,0
2022,M,SP,2,KAGIYAMA Yuma,JPN,108.12,60.91,47.21,0
2022,M,SP,3,UNO Shoma,JPN,105.9,59.05,46.85,0
2022,M,SP,4,CHA Junhwan,KOR,99.51,54.3,45.21,0
2022,M,SP,5,KVITELASHVILI Morisi,GEO,97.98,55.69,42.29,0
2022,M,SP,6,BROWN Jason,USA,97.24,49.95,47.29,0
2022,M,SP,7,SEMENENKO Evgeni,ROC,95.76,55.23,40.53,0
2022,M,SP,8,HANYU Yuzuru,JPN,95.15,48.07,47.08,0
2022,M,SP,9,MESSING Keegan,CAN,93.24,49.3,43.94,0
2022,M,SP,10,AYMOZ Kevin,FRA,93,49.93,43.07,0
2022,M,SP,11,JIN Boyang,CHN,90.98,51.62,39.36,0
2022,M,SP,12,GRASSL Daniel,ITA,90.64,48.7,41.94,0
2022,M,SP,13,RIZZO Matteo,ITA,88.63,46.71,41.92,0
2022,M,SP,14,SIAO HIM FA Adam,FRA,86.74,47.28,40.46,1
2022,M,SP,15,KONDRATIUK Mark,ROC,86.11,45.08,41.03,0
2022,M,SP,16,VASILJEVS Deniss,LAT,85.3,43.08,42.22,0
2022,M,SP,17,KERRY Brendan,AUS,84.79,45.93,38.86,0
2022,M,SP,18,LITVINTSEV Vladimir,AZE,84.15,47.14,37.01,0
2022,M,SP,19,CARRILLO Donovan,MEX,79.69,43.08,36.61,0
2022,M,SP,20,MAJOROV Nikolaj,SWE,78.54,41.22,37.32,0
2022,M,SP,21,MILYUKOV Konstantin,BLR,78.49,41.92,36.57,0
2022,M,SP,22,SHMURATKO Ivan,UKR,78.11,41.08,37.03,0
2022,M,SP,23,MOZALEV Andrei,ROC,77.05,36.76,41.29,1
2022,M,SP,24,BRITSCHGI Lukas,SUI,76.16,39.76,36.4,0
2022,M,SP,25,BREZINA Michal,CZE,75.19,36.69,39.5,1
2022,M,SP,26,BYCHENKO Alexei,ISR,68.01,33.02,35.99,1
2022,M,SP,27,LEE Sihyeong,KOR,65.69,30.75,35.94,1
2022,M,SP,28,SELEVKO Aleksandr,EST,65.29,28.79,36.5,0
2022,M,SP,29,SADOVSKY Roman,CAN,62.77,24.99,37.78,0
2022,M,SP,WD,ZHOU Vincent,USA,0,0,0,0
2022,M,FS,1,CHEN Nathan,USA,218.63,121.41,97.22,0
2022,M,FS,2,KAGIYAMA Yuma,JPN,201.93,107.99,93.94,0
2022,M,FS,3,HANYU Yuzuru,JPN,188.06,99.62,90.44,2
2022,M,FS,4,GRASSL Daniel,ITA,187.43,103.35,84.08,0
2022,M,FS,5,UNO Shoma,JPN,187.1,96.24,91.86,1
2022,M,FS,6,BROWN Jason,USA,184,87.66,96.34,0
2022,M,FS,7,CHA Junhwan,KOR,182.87,93.59,90.28,1
2022,M,FS,8,JIN Boyang,CHN,179.45,97.23,82.22,0
2022,M,FS,9,SEMENENKO Evgeni,ROC,178.37,94.81,83.56,0
2022,M,FS,10,MESSING Keegan,CAN,172.37,84.13,88.24,0
2022,M,FS,11,KVITELASHVILI Morisi,GEO,170.64,85.92,84.72,0
2022,M,FS,12,VASILJEVS Deniss,LAT,167.41,84.75,83.66,1
2022,M,FS,13,SIAO HIM FA Adam,FRA,163.41,81.69,82.72,1
2022,M,FS,14,KONDRATIUK Mark,ROC,162.71,80.15,83.56,1
2022,M,FS,15,AYMOZ Kevin,FRA,161.8,76.6,86.2,1
2022,M,FS,16,KERRY Brendan,AUS,160.01,83.51,76.5,0
2022,M,FS,17,RIZZO Matteo,ITA,158.9,76.92,82.98,1
2022,M,FS,18,MOZALEV Andrei,ROC,156.28,79.48,78.8,2
2022,M,FS,19,LITVINTSEV Vladimir,AZE,155.04,80.76,74.28,0
2022,M,FS,20,MILYUKOV Konstantin,BLR,143.73,71.35,72.38,0
2022,M,FS,21,MAJOROV Nikolaj,SWE,142.24,67.6,74.64,0
2022,M,FS,22,CARRILLO Donovan,MEX,138.44,66.56,72.88,1
2022,M,FS,23,BRITSCHGI Lukas,SUI,136.42,64.72,71.7,0
2022,M,FS,24,SHMURATKO Ivan,UKR,127.65,57.17,71.48,1
2022,W,SP,DSQ,VALIEVA Kamila,ROC,0,0,0,0
2022,W,SP,2,SHCHERBAKOVA Anna,ROC,80.2,42.87,37.33,0
2022,W,SP,3,SAKAMOTO Kaori,JPN,79.84,43.22,36.62,0
2022,W,SP,4,TRUSOVA Alexandra,ROC,74.6,40.12,35.48,1
2022,W,SP,5,HIGUCHI Wakaba,JPN,73.51,39.53,33.98,0
2022,W,SP,6,YOU Young,KOR,70.34,36.8,33.54,0
2022,W,SP,7,HENDRICKX Loena,BEL,70.09,36.09,34,0
2022,W,SP,8,LIU Alysa,USA,69.5,36.85,32.65,0
2022,W,SP,9,KIM Yelim,KOR,67.78,35.27,32.51,0
2022,W,SP,10,GUBANOVA Anastasiia,GEO,65.4,34.43,30.97,0
2022,W,SP,11,BELL Mariah,USA,65.38,33.43,32.95,1
2022,W,SP,12,BREZINOVA Eliska,CZE,64.31,35.74,28.57,0
2022,W,SP,13,CHEN Karen,USA,64.11,31.24,33.87,1
2022,W,SP,14,SCHOTT Nicole,GER,63.13,33.01,30.12,0
2022,W,SP,15,KAWABE Mana,JPN,62.69,33.66,30.03,1
2022,W,SP,16,RYABOVA Ekaterina,AZE,61.82,32.43,29.39,0
2022,W,SP,17,SAFONOVA Viktoriia,BLR,61.46,32.72,28.74,0
2022,W,SP,18,MIKUTINA Olga,AUT,61.14,32.54,28.6,0
2022,W,SP,19,PAGANINI Alexia,SUI,61.06,32.03,29.03,0
2022,W,SP,20,SCHIZAS Madeline,CAN,60.53,29.61,30.92,0
2022,W,SP,21,KIIBUS Eva-Lotta,EST,59.55,30.89,29.66,1
2022,W,SP,22,van ZUNDERT Lindsay,NED,59.24,32.12,27.12,0
2022,W,SP,23,FEIGIN Alexandra,BUL,59.16,32.36,26.8,0
2022,W,SP,24,KURAKOVA Ekaterina,POL,59.08,28.42,30.66,0
2022,W,SP,25,SAARINEN Jenni,FIN,56.97,27.79,29.18,0
2022,W,SP,26,TALJEGARD Josefin,SWE,54.51,26.11,28.4,0
2022,W,SP,27,ZHU Yi,CHN,53.44,26.37,27.07,0
2022,W,SP,28,McKAY Natasha,GBR,52.54,26.2,27.34,1
2022,W,SP,29,CRAINE Kailani,AUS,49.93,22.78,27.15,0
2022,W,SP,30,SHABOTOVA Anastasiia,UKR,48.68,24.04,25.64,1
2022,W,FS,1,TRUSOVA Alexandra,ROC,177.13,106.16,70.97,0
2022,W,FS,2,SHCHERBAKOVA Anna,ROC,175.75,100.49,75.26,0
2022,W,FS,3,SAKAMOTO Kaori,JPN,153.29,78.9,74.39,0
2022,W,FS,4,YOU Young,KOR,142.75,74.16,68.59,0
2022,W,FS,DSQ,VALIEVA Kamila,ROC,0,0,0,0
2022,W,FS,6,HIGUCHI Wakaba,JPN,140.93,72.67,69.26,1
2022,W,FS,7,LIU Alysa,USA,139.45,71.95,67.5,0
2022,W,FS,8,BELL Mariah,USA,136.92,68.25,68.67,0
2022,W,FS,9,HENDRICKX Loena,BEL,136.7,66.19,70.51,0
2022,W,FS,10,GUBANOVA Anastasiia,GEO,135.58,70.06,65.52,0
2022,W,FS,11,KIM Yelim,KOR,134.85,68.61,66.24,0
2022,W,FS,12,KURAKOVA Ekaterina,POL,126.76,66.24,60.52,0
2022,W,FS,13,SAFONOVA Viktoriia,BLR,123.37,65.54,57.83,0
2022,W,FS,14,MIKUTINA Olga,AUT,121.06,61.12,59.94,0
2022,W,FS,15,RYABOVA Ekaterina,AZE,118.15,59.58,58.57,0
2022,W,FS,16,van ZUNDERT Lindsay,NED,116.57,61.74,54.83,0
2022,W,FS,17,CHEN Karen,USA,115.82,51.61,65.21,1
2022,W,FS,18,SCHIZAS Madeline,CAN,115.03,53.68,62.35,1
2022,W,FS,19,SCHOTT Nicole,GER,114.52,56.28,60.24,2
2022,W,FS,20,KIIBUS Eva-Lotta,EST,112.2,54.27,58.93,1
2022,W,FS,21,BREZINOVA Eliska,CZE,111.1,54.81,58.29,2
2022,W,FS,22,PAGANINI Alexia,SUI,107.85,50.01,57.84,0
2022,W,FS,23,KAWABE Mana,JPN,104.04,47.87,60.17,4
2022,W,FS,24,FEIGIN Alexandra,BUL,100.15,49.89,51.26,1
2022,W,FS,25,SAARINEN Jenni,FIN,96.07,45.96,54.11,4
2026,M,SP,1,MALININ Ilia,USA,108.16,62.35,45.81,0
2026,M,SP,2,KAGIYAMA Yuma,JPN,103.07,56.5,46.57,0
2026,M,SP,3,SIAO HIM FA Adam,FRA,102.55,57.27,45.28,0
2026,M,SP,4,GRASSL Daniel,ITA,93.46,52.73,40.73,0
2026,M,SP,5,SHAIDOROV Mikhail,KAZ,92.94,52.45,40.49,0
2026,M,SP,6,CHA Junhwan,KOR,92.72,50.08,42.64,0
2026,M,SP,7,AYMOZ Kevin,FRA,92.64,48.55,44.09,0
2026,M,SP,8,TORGASHEV Andrew,USA,88.94,48.56,40.38,0
2026,M,SP,9,SATO Shun,JPN,88.7,46.77,41.93,0
2026,M,SP,10,GOGOLEV Stephen,CAN,87.41,48.23,39.18,0
2026,M,SP,11,MARSAK Kyrylo,UKR,86.89,49.2,37.69,0
2026,M,SP,12,GUMENNIK Petr,AIN,86.72,48.43,38.29,0
2026,M,SP,13,JIN Boyang,CHN,86.55,47.79,38.76,0
2026,M,SP,14,NAUMOV Maxim,USA,85.65,47.77,37.88,0
2026,M,SP,15,EGADZE Nika,GEO,85.11,45.85,39.26,0
2026,M,SP,16,RIZZO Matteo,ITA,84.3,42.49,41.81,0
2026,M,SP,17,VASILJEVS Deniss,LAT,82.44,42.34,40.1,0
2026,M,SP,18,SELEVKO Aleksandr,EST,82.02,41.33,41.69,1
2026,M,SP,19,BRITSCHGI Lukas,SUI,80.87,40.61,40.26,0
2026,M,SP,20,HAGARA Adam,SVK,80.3,45.17,35.13,0
2026,M,SP,21,SAMOILOV Vladimir,POL,77.57,40.88,36.69,0
2026,M,SP,22,MIURA Kao,JPN,76.77,37.44,40.33,1
2026,M,SP,23,CARRILLO Donovan,MEX,75.56,39.71,36.85,1
2026,M,SP,24,LI Yu-Hsiang,TPE,72.41,39.84,32.57,0
2026,M,SP,25,GUARINO SABATE Tomas,ESP,69.8,34.25,35.55,0
2026,M,SP,26,KIM Hyungyeom,KOR,69.3,37.92,32.38,1
2026,M,SP,27,NORDEBACK Andreas,SWE,67.15,31.45,35.7,0
2026,M,SP,28,KULISS Fedirs,LAT,66.86,35.83,32.03,1
2026,M,SP,29,LITVINTSEV Vladimir,AZE,63.63,31.13,32.5,0
2026,M,FS,1,SHAIDOROV Mikhail,KAZ,198.64,114.68,83.96,0
2026,M,FS,2,GOGOLEV Stephen,CAN,186.37,103.22,83.15,0
2026,M,FS,3,SATO Shun,JPN,186.2,101.85,84.35,0
2026,M,FS,4,GUMENNIK Petr,AIN,184.49,103.84,80.65,0
2026,M,FS,5,CHA Junhwan,KOR,181.2,95.16,87.04,1
2026,M,FS,6,KAGIYAMA Yuma,JPN,176.99,92.15,85.84,1
2026,M,FS,7,EGADZE Nika,GEO,175.16,96.23,79.93,1
2026,M,FS,8,GRASSL Daniel,ITA,170.25,88.79,81.46,0
2026,M,FS,9,TORGASHEV Andrew,USA,170.12,86.16,83.96,0
2026,M,FS,10,MIURA Kao,JPN,170.11,92.72,78.39,1
2026,M,FS,11,AYMOZ Kevin,FRA,167.3,81.45,85.85,0
2026,M,FS,12,SIAO HIM FA Adam,FRA,166.72,84.97,82.75,1
2026,M,FS,13,BRITSCHGI Lukas,SUI,165.77,85.01,80.76,0
2026,M,FS,14,RIZZO Matteo,ITA,158.88,76.32,82.56,0
2026,M,FS,15,MALININ Ilia,USA,156.33,76.61,81.72,2
2026,M,FS,16,SELEVKO Aleksandr,EST,154.8,77.05,77.75,0
2026,M,FS,17,SAMOILOV Vladimir,POL,144.68,72.65,73.03,1
2026,M,FS,18,VASILJEVS Deniss,LAT,144.02,67.07,76.95,0
2026,M,FS,19,CARRILLO Donovan,MEX,143.5,71.56,71.94,0
2026,M,FS,20,JIN Boyang,CHN,142.53,70.87,72.66,1
2026,M,FS,21,LI Yu-Hsiang,TPE,141.92,77.25,64.67,0
2026,M,FS,22,NAUMOV Maxim,USA,137.71,64.66,75.05,2
2026,M,FS,23,MARSAK Kyrylo,UKR,137.28,64.92,73.36,1
2026,M,FS,24,HAGARA Adam,SVK,122.08,61.91,62.17,2
2026,W,SP,1,NAKAI Ami,JPN,78.71,45.02,33.69,0
2026,W,SP,2,SAKAMOTO Kaori,JPN,77.23,40.08,37.15,0
2026,W,SP,3,LIU Alysa,USA,76.59,41.34,35.25,0
2026,W,SP,4,CHIBA Mone,JPN,74,38.72,35.28,0
2026,W,SP,5,PETROSIAN Adeliia,AIN,72.89,40.44,32.45,0
2026,W,SP,6,GUBANOVA Anastasiia,GEO,71.77,38.28,33.49,0
2026,W,SP,7,HENDRICKX Loena,BEL,70.93,36.92,34.01,0
2026,W,SP,8,LEVITO Isabeau,USA,70.84,36.77,34.07,0
2026,W,SP,9,LEE Haein,KOR,70.07,37.61,32.46,0
2026,W,SP,10,PETROKINA Niina,EST,69.63,36.8,32.83,0
2026,W,SP,11,PINZARRONE Nina,BEL,68.97,36.86,32.11,0
2026,W,SP,12,SAMODELKINA Sofia,KAZ,68.47,36.42,32.05,0
2026,W,SP,13,GLENN Amber,USA,67.39,34.19,33.2,0
2026,W,SP,14,SHIN Jia,KOR,65.66,35.79,30.87,1
2026,W,SP,15,KARHUNEN Iida,FIN,65.06,36.22,28.84,0
2026,W,SP,16,SAUTER Julia,ROU,63.13,34.15,28.98,0
2026,W,SP,17,MIKUTINA Olga,AUT,61.72,32.64,29.08,0
2026,W,SP,18,GUTMANN Lara Naki,ITA,61.56,29.5,32.06,0
2026,W,SP,19,KURAKOVA Ekaterina,POL,60.14,31.56,28.58,0
2026,W,SP,20,ZHANG Ruiyang,CHN,59.38,32.64,26.74,0
2026,W,SP,21,REPOND Kimmy,SUI,59.2,29.84,29.36,0
2026,W,SP,22,SENIUK Mariia,ISR,58.61,32.15,26.46,0
2026,W,SP,23,KAISER Livia,SUI,55.69,30.62,26.07,1
2026,W,SP,24,SCHILD Lorine,FRA,55.63,29.32,26.31,0
2026,W,SP,25,SCHIZAS Madeline,CAN,55.38,26.39,28.99,0
2026,W,SP,26,SAFONOVA Viktoriia,AIN,54.57,29.15,25.42,0
2026,W,SP,27,VARIAKOJYTE Meda,LTU,53.86,29.77,24.09,0
2026,W,SP,28,FEIGIN Alexandra,BUL,53.42,28.77,24.65,0
2026,W,SP,29,SPOURS Kristen,GBR,45.54,21.55,23.99,0
2026,W,FS,1,LIU Alysa,USA,150.2,77.74,72.46,0
2026,W,FS,2,SAKAMOTO Kaori,JPN,147.67,72.83,74.84,0
2026,W,FS,3,GLENN Amber,USA,147.52,78.87,68.65,0
2026,W,FS,4,CHIBA Mone,JPN,143.88,74.46,69.42,0
2026,W,FS,5,PETROSIAN Adeliia,AIN,141.64,76.93,65.71,1
2026,W,FS,6,PETROKINA Niina,EST,141.19,74.82,66.37,0
2026,W,FS,7,SHIN Jia,KOR,141.02,75.05,65.97,0
2026,W,FS,8,LEE Haein,KOR,140.49,74.15,66.34,0
2026,W,FS,9,NAKAI Ami,JPN,140.45,72.53,67.92,0
2026,W,FS,10,SAMODELKINA Sofia,KAZ,138.99,73.77,65.22,0
2026,W,FS,11,GUBANOVA Anastasiia,GEO,138.22,71.39,66.83,0
2026,W,FS,12,GUTMANN Lara Naki,ITA,134.19,69.73,64.46,0
2026,W,FS,13,LEVITO Isabeau,USA,131.96,64.5,68.46,1
2026,W,FS,14,PINZARRONE Nina,BEL,131.33,67.63,63.7,0
2026,W,FS,15,HENDRICKX Loena,BEL,128.72,61.49,67.23,0
2026,W,FS,16,SAUTER Julia,ROU,127.8,66.28,61.52,0
2026,W,FS,17,KARHUNEN Iida,FIN,127.73,68.43,59.3,0
2026,W,FS,18,MIKUTINA Olga,AUT,123.87,64.06,59.81,0
2026,W,FS,19,ZHANG Ruiyang,CHN,118.65,61.54,57.11,0
2026,W,FS,20,KAISER Livia,SUI,115.83,62.95,53.88,1
2026,W,FS,21,KURAKOVA Ekaterina,POL,113.23,56.6,56.63,0
2026,W,FS,22,SCHILD Lorine,FRA,111.45,59.41,52.04,0
2026,W,FS,23,REPOND Kimmy,SUI,100.34,51.21,53.13,4
2026,W,FS,24,SENIUK Mariia,ISR,94,44.64,50.36,1
